Taxa,LNC,SLA,PLH
Aceras.anthropophorum,,32.01,15
Achillea.collina,24.40992753,19.12,56
Achillea.millefolium,22.91,16.09653956,20.31616177
Achillea.nana,25.45800447,15.29841123,2.549342105
Achillea.roseo.alba,,,43.66666667
Achnatherum.calamagrostis,10.02099097,,56.76
Acinos.alpinus,15.65424601,14.48512987,15.20370371
Acinos.arvensis,,18.38125,20
Aconitum.lycoctonum,28.21435531,25.87,
Cacalia.leucophylla,51.92930698,,
Aegopodium.podagraria,26.17831945,26.89,56
Agrimonia.eupatoria,17.62912244,19.60125,33.33333333
Agrostis.alpina,19.23119545,,7.93269231
Agrostis.capillaris,23,39.09299139,21.08457917
Agrostis.rupestris,,9.95,5
Agrostis.agrostiflora,,,25
Agrostis.stolonifera,19.56881091,27.07875,58.65889
Ajuga.chamaepitys,12.32873599,22.48,9.333333333
Ajuga.genevensis,18.27795267,25.825,19
Ajuga.pyramidalis,,20.09,15
Ajuga.reptans,13.63019228,36.425,15.80059524
Alchemilla.alpina,20.37028695,19.29622136,7.952085107
Alchemilla.xanthochlora,24.0575,19.64832598,11.11609477
Allium.lusitanicum,18.48166667,,
Allium.oleraceum,,,23
Allium.schoenoprasum,20.53666667,8.753333333,32.5
Allium.scorodoprasum,22.68476407,,30
Allium.sphaerocephalon,,5.69,23
Allium.vineale,,,25
Alopecurus.pratensis,,19.92,45
Alyssum.alyssoides,,21.385,11
Anacamptis.pyramidalis,14.1544505,,
Androsace.obtusifolia,16.55,,4
Angelica.sylvestris,28.998864,30.16666667,78.33333333
Antennaria.carpatica,14.57799157,11.375,8.175925926
Antennaria.dioica,12.43292908,14.5051441,4.154411765
Anthemis.arvensis,,49.63,28.5
Anthericum.liliago,20.00766039,18.05,29
Anthoxanthum.odoratum,22.65476318,26.14433448,15.63621795
Anthriscus.sylvestris,26.361485,32.917426,52.52778
Anthyllis.vulneraria,26.85957067,14.98373267,13.56777778
Aphanes.arvensis,,,8.666666667
Aquilegia.vulgaris,,29.41,55
Arabidopsis.thaliana,,,13.66666667
Arabis.ciliata,25.40108204,,9.636904763
Arabis.hirsuta,26.00583177,21.48251793,31.09722222
Arenaria.serpyllifolia,8.066667,19.79,17
Armeria.arenaria,27.07386563,15.25758611,3.0625
Arnica.montana,17.62219869,18.34196009,7.607526882
Arrhenatherum.elatius,23.62689207,31.60628072,47.37259001
Artemisia.absinthium,31.135,41.49,83
Artemisia.campestris,23.61333333,16.305,45
Artemisia.vulgaris,29.66050069,29.41,140
Asperula.cynanchica,11.03547494,27.63,27
Asphodelus.albus,,8.51,53.45
Aster.alpinus,21.93,13.84,4.666666667
Aster.bellidiastrum,21.70880258,26.10498765,5.435064935
Aster.linosyris,,11.44,28
Astragalus.alpinus,42.08786408,24.51,11.7
Astragalus.depressus,36.73514366,,
Astragalus.monspessulanus,21.14380439,,
Astragalus.onobrychis,41.05976304,22.89045688,5.904761905
Astragalus.penduliflorus,,,40
Astrantia.major,25.86617785,24.385,53
Astrantia.minor,24.40316578,37.57273227,10.3
Deschampsia.flexuosa,27.41439629,12.07151928,10.52404256
Bartsia.alpina,27.05083333,16.6095,13.06
Bellis.perennis,23.40301143,27.075,6
Biscutella.laevigata,46.84333333,15.1716691,17.54807693
Blackstonia.perfoliata,16.74333333,,
Blysmus.compressus,,13.99,25
Bothriochloa.ischaemum,18.18043391,,
Botrychium.lunaria,46.19743188,22.96141339,10.72222222
Brachypodium.sylvaticum,,46.575,83
Briza.media,14.56875,23.26543988,12.83006536
Bromus.erectus,17.08133334,17.24086459,22.12313953
Bromus.hordeaceus,26.005471,28.563,47.61263
Bromus.squarrosus,,29.06,43.5
Bromus.sterilis,22.92,33.75833334,38
Bromus.tectorum,20.797071,34.77,26.5
Bunias.orientalis,,23.66333333,77.66666667
Bunium.bulbocastanum,24.82,17.71,41
Buphthalmum.salicifolium,,27.29,35
Bupleurum.falcatum,21.59746806,20.00257414,66.13586957
Bupleurum.ranunculoides,17.24397937,,12.56
Calamagrostis.varia,26.8,22.061,43.61111111
Calluna.vulgaris,15.175,11.26831818,71.82638889
Calystegia.sepium,,36.256,128.75
Campanula.barbata,7.775,21.03144874,14.46
Campanula.cochleariifolia,26.48971558,26.98278329,3.7
Campanula.glomerata,27,25.70625,17.66666667
Campanula.rapunculoides,28.38766972,52.5675,38
Campanula.rapunculus,,42.06,50
Campanula.rhomboidalis,25.9,27.1262901,28.29487179
Campanula.rotundifolia,31.56873906,29.7142467,16.39402174
Campanula.scheuchzeri,21.92979632,20.94301797,12.125
Campanula.thyrsoides,22.40623837,,
Capsella.bursa.pastoris,,35.42666667,13
Cardamine.pratensis,,22.94,25
Carduus.defloratus,24.14065229,15.52211266,28.36111111
Carduus.nutans,34.06,,60
Carex.atrata,20.91518333,16.34345457,10.825
Carex.capillaris,26.53,13.23,10
Carex.caryophyllea,21.07619,15.62597952,9
Carex.curvula,,10.90860623,19.94211618
Carex.davalliana,12.86,11.02,13
Carex.distans,,20.02,20
Carex.divulsa,,,28
Carex.ericetorum,,,14
Carex.ferruginea,13.48,,45
Carex.flacca,14.67073255,14.69,26.69038462
Carex.halleriana,29.36333333,18.33155948,7.12
Carex.hirta,22.699727,17.38763889,45
Carex.hostiana,,16.27,20
Carex.humilis,,18.25,9
Carex.liparocarpos,22.14666667,,14.504
Carex.montana,17.78,20.6625,17
Carex.spicata,,25.09,28
Carex.nigra,22.97546715,21.31311572,20.66125541
Carex.ornithopoda,15.88682612,30.58,7.81730769
Carex.pallescens,17.067412,30.12,33
Carex.panicea,28.68333333,20.705,15
Carex.rupestris,,10.59351263,8.5
Carex.sempervirens,15.32702368,13.74068158,13.55864921
Carex.tomentosa,,18.82,38
Carlina.acaulis,31.78,14.20349562,12.62272727
Carlina.vulgaris,15.781737,19.842655,19.2
Carum.carvi,26.505,19.42882897,24.00989474
Centaurea.jacea,22.0451667,16.88805556,74.5
Centaurea.montana,24.3,24.08666667,35.675
Centaurea.scabiosa,20.08563089,15.9,57.26488095
Cerastium.arvense,25.01025164,19.4887202,10.4005848
Cerastium.brachypetalum,,22.35811038,5.74
Cerastium.fontanum,20.042261,36.035,15
Cerastium.glomeratum,19.456667,21.856,14.66666667
Cerastium.pumilum,,30.94,4.5
Cerastium.semidecandrum,,,6.333333333
Chaerophyllum.aureum,,20.17,67.975
Chaerophyllum.hirsutum,28.78541211,21.75791667,44.66666667
Chaerophyllum.villarsii,37.48583953,48.82640493,36.15
Chenopodium.album,35.308961,26.44303572,48.33333333
Chondrilla.juncea,,7.62,50
Cichorium.intybus,,22.83,63
Cirsium.acaule,32.2,14.21624154,10.65
Cirsium.arvense,22.28333333,15.75458333,86.5
Cirsium.eriophorum,,,130
Cirsium.palustre,19.268113,16.8875,85
Cirsium.spinosissimum,43.97333333,13.04191886,27.375
Cirsium.tuberosum,,11.7,50
Cirsium.vulgare,13.20666667,12.88277778,90
Clinopodium.vulgare,15.59643057,23.6,37.66666667
Coeloglossum.viride,21.13333333,21.75,11
Colchicum.autumnale,18.56,18.98166667,23
Convolvulus.arvensis,36.107552,26.30903846,26.36
Conyza.canadensis,,22.75,53
Coronilla.minima,27.69333333,12.65959748,6.36
Crepis.aurea,26.03574276,39.05045271,5.788461539
Crepis.biennis,17.77164,31.23333333,58
Crepis.bocconi,23.79,,28
Crepis.conyzifolia,18.415,19.91816231,18.4375
Crepis.foetida,18.94,22.207797,15
Crepis.mollis,,,23
Crepis.pyrenaica,26.3,33.89837844,34.04166667
Crepis.vesicaria,24.44745,39.83663211,13
Cruciata.glabra,19.41684961,,20
Cruciata.laevipes,24.08500624,26.45666667,33.12
Cruciata.pedemontana,15.96499284,,
Cuscuta.epithymum,,,50
Cynosurus.cristatus,18.7,23.629,43.8125
Dactylis.glomerata,24.10228173,23.5683557,32.81246261
Dactylorhiza.maculata,25.377642,25.16666667,
Dactylorhiza.majalis,33.86797746,29.93190374,14.56
Danthonia.decumbens,17.552778,16.67125,10
Daucus.carota,20.19260997,20.33916667,39.425
Deschampsia.cespitosa,27.1483673,13.89428571,44
Dianthus.carthusianorum,37.95,16.37868167,25.10961539
Dianthus.deltoides,14.13200565,,
Dianthus.sylvestris,16,5.86,8.8
Dipsacus.fullonum,,13.41,90
Draba.aizoides,21.25333333,17.06333333,4.75
Draba.siliquosa,20.98,,3
Dryas.octopetala,20.54025906,10.53906132,10.72916667
Dryopteris.filix.mas,22.15106606,,75
Echium.vulgare,19.274667,14.45,43.33333333
Epilobium.angustifolium,42.8845799,24.25272208,44.63043478
Epipactis.palustris,27.58982499,21.77,28
Equisetum.arvense,21.214124,10.72666667,33
Equisetum.palustre,19.185482,8,30
Equisetum.telmateia,,16.26,125
Erigeron.acer,22.22685933,17.86,33
Erigeron.alpinus,23.99981022,,14
Erigeron.annuus,21.99333333,27.73,77
Erigeron.glabratus,20.63616435,,15
Erigeron.neglectus,,,8
Erigeron.uniflorus,33.05,18.05,4.75
Erodium.cicutarium,26.90333333,19.971175,8.84
Erophila.verna,,42.48,3.333333333
Eryngium.campestre,21.5877,9.3125,28.25
Erysimum.rhaeticum,26.12,14.64029754,30.372
Erysimum.virgatum,23.55333333,,
Eupatorium.cannabinum,28.53666667,38.96688922,100.0384616
Euphorbia.cyparissias,31.225,22.56625,14.55714286
Euphorbia.dulcis,,33.27,30
Euphorbia.helioscopia,,,20
Euphorbia.seguieriana,26.29336357,16.868352,39.56
Euphorbia.brittingeri,,27.39333333,31.95
Euphrasia.alpina,39.18,,
Euphrasia.minima,13.44731092,19.59687443,3.935714286
Euphrasia.salisburgensis,16.32,19.2941778,8.340740741
Euphrasia.stricta,19.49128896,,
Festuca.arundinacea,17.4,16.84082082,35.62666667
Festuca.ovina,14.06909172,16.209,15.5
Festuca.halleri,,,4.1
Festuca.laevigata,13.29679636,8.934092723,13.65093622
Festuca.nigrescens,14.3,12.39867116,21.73007247
Festuca.paniculata,12.6285715,8.56,45.97657143
Festuca.quadriflora,15.78232606,10.2,8.5
Festuca.rubra,15.91158731,11.99447205,21.25372615
Festuca.valesiaca,10.15683995,11.115966,19.57692308
Festuca.violacea,19.8171397,7.843555794,4.889772728
Filipendula.vulgaris,,21.28,32.66666667
Fragaria.vesca,21.55779509,32.13719442,10.95500505
Fumana.procumbens,9.37202841,8.22,9.355769231
Galeopsis.tetrahit,,31.14,35
Galium.anisophyllon,15.55592616,2.990182021,6.433333333
Galium.aparine,29.944522,34.67857143,71
Galium.boreale,23.51739635,20.89772141,15.26390293
Galium.corrudifolium,,,
Galium.glaucum,,13.85,43
Galium.lucidum,16.71943575,15.15938635,42.51858304
Galium.mollugo,29.96472176,33.15208528,17.54670022
Galium.pumilum,21.35,26.72083334,17.96428571
Galium.verum,20.93,17.86446683,27.22767857
Genista.pilosa,,13.86916667,21.875
Genista.sagittalis,21.2,27.59,20.15
Genista.tinctoria,30.640337,17.95033333,51.25
Gentiana.acaulis,24.2,14.24018612,3.832910959
Gentiana.alpina,17.83798574,,
Gentiana.bavarica,,17.01,6
Gentiana.cruciata,16.98,17.69,18.6
Gentiana.lutea,22.0625,14.46394472,47.75727273
Gentiana.nivalis,17.28445768,42.72,6.666666667
Gentiana.punctata,29.39442138,18.10860646,8.952380952
Gentiana.verna,12.88594087,9.718059349,3.178571429
Geranium.columbinum,,27.45,26.66666667
Geranium.dissectum,,23.2,26.66666667
Geranium.molle,,27.62857143,18.33333333
Geranium.pyrenaicum,,28.7475,37.66666667
Geranium.robertianum,22.7,43.2832539,22.52083333
Geranium.rotundifolium,25.84032615,,17.66666667
Geranium.sanguineum,,,21.66666667
Geranium.sylvaticum,23.58333201,20.77318624,28.953125
Geum.montanum,13.93608769,13.63568212,7.836538462
Geum.rivale,23.36608569,18.94,31.66666667
Geum.urbanum,28.58201047,26.55665939,29.72826087
Glechoma.hederacea,27.58680185,36.9775,27
Globularia.bisnagarica,18.54,15.89204839,12.78
Globularia.cordifolia,17.75,11.93,1.633333333
Globularia.nudicaulis,11.19161516,7.412904,9
Gymnadenia.conopsea,21.23,17.7275,20.8
Gypsophila.repens,22.72,15.35,14
Helianthemum.nummularium,30.77537038,19.46330415,8.442541665
Helleborus.foetidus,,5.94,33.75
Heracleum.sphondylium,37.00339941,20.24334961,82.05580357
Hieracium.bifidum,17.54,24.3125,8.825
Hieracium.murorum,17.13206879,26.84696413,8.808362367
Hieracium.piliferum,,13.3,4.5
Hieracium.prenanthoides,28.32009713,44.27343168,24.71428571
Hieracium.villosum,,44.06532234,14.5
Himantoglossum.hircinum,,20.02,25
Hippocrepis.comosa,33.2,15.3121892,10.84479167
Holcus.lanatus,14.8,31.76916667,34.125
Homogyne.alpina,18.44666667,10.64038849,4.887121212
Hornungia.petraea,,,6.333333333
Hypericum.maculatum,24.23536062,34.48431278,20.43958333
Hypericum.perforatum,19.02682671,28.76072728,36
Hypericum.richeri,31.64140063,24.93970985,23.39278846
Hypochaeris.maculata,31.30565802,23.25137851,16.30017153
Hypochaeris.radicata,17.116373,40.185697,21.84929
Hyssopus.officinalis,,20.89,38
Inula.salicina,21.47099813,26.835,50
Isatis.tinctoria,,18.54,65
Juncus.alpinoarticulatus,15.03400445,9.242911239,15.84
Juncus.articulatus,20.879463,14.26666667,33
Juncus.effusus,,7.61,90
Juncus.inflexus,14.88218427,3.785,57.59615385
Juncus.jacquinii,16.06927196,,18
Juncus.trifidus,19.72405524,14.309225,17.64492754
Juncus.triglumis,27.52,10.55689621,3.623076923
Knautia.arvensis,25.70222339,21.33899154,35.41142857
Knautia.dipsacifolia,20.02,18.5725,24.26666667
Koeleria.macrantha,16.416203,11.8075,7.3
Koeleria.pyramidata,16.375,16.57,19.24
Koeleria.vallesiana,15.10666667,9.123303301,11.12115385
Lactuca.perennis,,23.47,25
Lactuca.serriola,26.726667,17.3275,68
Lamium.purpureum,18.32971215,,22.66666667
Lapsana.communis,39.87,,
Laserpitium.halleri,27.71,10.32220047,22.67142857
Laserpitium.latifolium,28.927819,15.1439299,41.00307693
Laserpitium.siler,36.97991014,21.6570436,29.64343786
Lathyrus.heterophyllus,,21.735,150
Lathyrus.occidentalis,46.52616501,,
Lathyrus.pratensis,32.69538232,24.11686188,33.50892857
Lathyrus.sphaericus,44.93203163,,
Lathyrus.sylvestris,,,133.3333333
Lathyrus.tuberosus,,28.905,65
Leontodon.autumnalis,,26.893,6.333333332
Leontodon.hispidus,21.80973292,23.63338389,15.96792453
Leontopodium.alpinum,25.36669225,,13
Leucanthemopsis.alpina,18.17975187,11.33613812,2.619657395
Leucanthemum.vulgare,23.04,21.06012771,22.02857143
Lilium.martagon,,24.245,46.775
Linaria.repens,22.72635102,26.98,38.33333333
Linum.alpinum,43.11666667,,
Linum.catharticum,17.45081423,32.64041667,11.17083333
Linum.tenuifolium,22.49723355,,30
Listera.ovata,35.29198885,29.00666667,12.81666667
Lolium.multiflorum,,,33
Lolium.perenne,20.84,20.632,23.14166667
Lotus.corniculatus,34.31420812,23.17909423,27.336875
Lotus.maritimus,32.09666667,21.47422682,7.78
Luzula.campestris,9.4,24.35056306,21.46458333
Luzula.lutea,15.44031375,15.67090196,9.003360215
Luzula.multiflora,22.976356,27.1315,17.66666667
Luzula.sieberi,16.53669596,,
Luzula.spicata,20.331667,12.6875,13
Luzula.sudetica,11.88016574,34.3,17
Lysimachia.nummularia,,32.40666667,45
Lysimachia.vulgaris,19.31461928,21.92035715,91.35694445
Malva.moschata,,,41.66666667
Malva.sylvestris,,22.72,57.66666667
Medicago.falcata,28.2,20.5,
Medicago.lupulina,31.6,28.50790023,20.289375
Medicago.minima,37.843007,26.56666667,10.75
Medicago.sativa,39.7,25.8,72.8
Melica.ciliata,21.08260776,17.3075,38.74038462
Melilotus.albus,29.82815584,,
Meum.athamanticum,22.92708333,12.05096533,27.24247727
Minuartia.laricifolia,28.56257518,,
Minuartia.rostrata,21.47871892,,
Minuartia.verna,15.02666667,19.45,6.5
Muscari.comosum,22.0980827,22.13959845,32.52884616
Myosotis.alpestris,29.10506797,26.41731909,14.61309524
Myosotis.arvensis,24.5,29.06565288,23.16666667
Myosotis.ramosissima,,31.63428572,10.33333333
Myosotis.scorpioides,,59.63,28
Myosotis.stricta,,26.98,6
Narcissus.poeticus,21.1,22.705,26.14333333
Nardus.stricta,16.71983494,15.37408151,14.99872866
Odontites.luteus,19.68356822,11.70868684,22.96
Onobrychis.montana,29.36213164,13.38556885,22.63433334
Onobrychis.viciifolia,31.588388,19.149,27.66666667
Ononis.natrix,40.04289707,15.94783953,36.05769231
Ononis.repens,34.55682198,15.27151312,22.80952381
Ononis.spinosa,34.55682198,22.51075656,25.15476191
Ophioglossum.vulgatum,,,13
Ophrys.apifera,,,15
Ophrys.insectifera,,,20
Orchis.mascula,,19.11,17
Orchis.militaris,,21.53,15.05
Origanum.vulgare,15.33101499,21.17829293,40.67857143
Ornithogalum.umbellatum,21.61882401,,20
Orobanche.alba,,,12.5
Orobanche.caryophyllacea,,,21.5
Oxytropis.campestris,33.19821429,13.59,13.13333333
Oxytropis.helvetica,40.89046876,,
Oxytropis.pilosa,24.49593703,,20
Papaver.rhoeas,,33.07,36.75
Paradisea.liliastrum,20.12,19.22,25.1
Parnassia.palustris,13.97666667,26.34,12.66666667
Pastinaca.sativa,,,60
Pedicularis.foliosa,35.48,22.32398598,28.18076923
Pedicularis.gyroflexa,,,
Pedicularis.tuberosa,26.48068587,15.01404979,16.43333333
Pedicularis.verticillata,25.36244035,,15
Petrorhagia.prolifera,,17.63,39
Petrorhagia.saxifraga,17.88666667,,18
Phleum.alpinum,20.7537037,25.40920977,15.18833333
Phleum.hirsutum,30.32333333,27.86392148,33.53846154
Phleum.phleoides,14.7,17.4,30
Phyteuma.betonicifolium,37.16423571,30.02545574,22.33793104
Phyteuma.hemisphaericum,32.04906543,12.00518122,7.47826087
Phyteuma.orbiculare,33.82,23.30058473,19.95
Phyteuma.ovatum,,,38
Phyteuma.spicatum,38.87628198,51.9,24
Picris.hieracioides,23.65832002,24.04583334,48.92592593
Pimpinella.major,22.8,18.77094167,49.02285715
Pimpinella.saxifraga,20.1,16.76799342,26.62166667
Plantago.alpina,19.43575,13.22472144,5.600878788
Plantago.atrata,27.02453603,18.20862272,6.909722222
Plantago.lanceolata,23.75,17.07694979,20.72619048
Plantago.major,29.946938,21.69733334,37
Plantago.media,18.2,18.84629279,11.47210838
Plantago.maritima,21.89021955,13.00581853,12.75561594
Platanthera.bifolia,,26.45,16
Poa.alpina,15.93,17.81586622,7.8875
Poa.annua,,33.03,9
Poa.bulbosa,24.694282,21.09,11
Poa.cenisia,,,23
Poa.chaixii,5.72957923,20.42918831,48.10344828
Poa.compressa,12.90612479,,38
Poa.nemoralis,24.180191,49.9,50
Poa.pratensis,14.08,20.26262067,23.70544608
Poa.supina,,33.6,7
Polygala.alpestris,25.09373029,18.07256085,8.394230769
Polygala.amarella,,20.68333333,5.75
Polygala.comosa,24.77693637,20.29,15
Polygala.vulgaris,24.988864,19.557,5.333333333
Polygonum.aviculare,33.7491403,26.98888889,114
Polygonum.bistorta,29.24605747,20.9870105,43.59150657
Polygonum.viviparum,26.829311,16.33627307,12.99222222
Polystichum.lonchitis,28.86666667,7.8,32.5
Potentilla.argentea,,,22.7
Potentilla.aurea,25.875,19.09085575,8.740123457
Potentilla.crantzii,25.07,15.358,11.07444444
Potentilla.erecta,19.28762929,20.38056152,15.18055556
Potentilla.grandiflora,22.1,12.74475801,13.44333333
Potentilla.neumanniana,22.49666667,17.29116447,5.87
Potentilla.pusilla,,,5
Potentilla.recta,,14.5475,51.25
Potentilla.reptans,28.217715,25.03777778,26.66666667
Potentilla.rupestris,,20.55,39.6
Potentilla.thuringiaca,,,22.5
Primula.elatior,37.31,22.99333333,22.0625
Primula.farinosa,19.19333333,23.31,14.66666667
Primula.veris,32.28,21.18586326,16.11915584
Prunella.grandiflora,12.94111111,22.08767874,13.27011494
Prunella.laciniata,,,12.33333333
Prunella.vulgaris,19.827429,26.93742424,14.61111111
Prunus.spinosa,30.3,15.26930052,147.6
Veronica.spicata,,,23
Pulsatilla.alpina,22.79403829,10.82383706,22.95055319
Pulsatilla.halleri,22.5557065,,10
Pulsatilla.vernalis,31.66324457,10.33974268,6.935323383
Ranunculus.aconitifolius,35.72890351,36.185,35
Ranunculus.acris,23.06036753,24.4552162,42.83969697
Ranunculus.bulbosus,21.16,20.68814815,20.36888889
Ranunculus.glacialis,22.5006632,12.17796933,7.590269712
Ranunculus.gramineus,29.90539551,,30
Ranunculus.kuepferi,35.91733333,16.95641949,9.839215686
Ranunculus.montanus,23.88888889,22.44431085,10.23894231
Ranunculus.serpens,,25.705,40
Ranunculus.repens,21.813056,20.70095238,24.05555555
Reseda.lutea,,,38.5
Rhinanthus.alectorolophus,27.47745391,20.90083031,32.86458333
Rhinanthus.glacialis,28.77158244,14.034,33.33333333
Rhinanthus.minor,38.72564892,23.43324927,26.11459386
Rhododendron.ferrugineum,20.79666667,,70
Rumex.acetosa,27.645578,28.55761905,56.27777778
Rumex.acetosella,30.808952,29.44272727,16.66666667
Rumex.crispus,25.3042,16.88555556,68.72222222
Rumex.obtusifolius,38.691237,30.47833333,57.33333333
Rumex.scutatus,57.88110733,35.98121935,23.54901961
Salix.herbacea,32.385,20.74062212,2.635185185
Salix.reticulata,22.02666667,9.957537939,7
Salix.retusa,26.91812764,14.18473336,6.043209877
Salix.serpyllifolia,22.60181904,9.3,1.25
Salvia.pratensis,27.15088712,24.75733333,39.18666667
Sanguisorba.minor,23.63466603,23.23461572,23.77839568
Sanguisorba.officinalis,28.57,22.65703704,51.20444444
Saponaria.ocymoides,27.62292862,16.5243015,11.98717949
Saxifraga.aizoides,,12.425,10.16666667
Saxifraga.granulata,,,21.33333333
Saxifraga.oppositifolia,23.24333333,14.8,8
Saxifraga.paniculata,7.384386857,6.785,8.5
Saxifraga.tridactylites,,34.44,6.5
Scabiosa.columbaria,11.79934165,18.72266667,34.94444445
Scabiosa.lucida,16.47333333,17.06048321,21.28395062
Scabiosa.triandra,15.40666667,,40
Scorzonera.humilis,,19.26,28
Scorzonera.laciniata,,19.12,28
Scutellaria.alpina,21.69820478,21.03240017,7.539166667
Securigera.varia,47.26263046,19.6581826,45.46
Sedum.acre,16.51614737,6.966666667,5.111111111
Sedum.album,19.72159702,15.12,10.44444444
Sedum.atratum,6.528419654,,5
Sedum.montanum,10.15,,18
Sedum.rupestre,,15.70777778,18
Sedum.sexangulare,20.69666667,13.67,14.66666667
Selaginella.selaginoides,,27.25,6.833333333
Sempervivum.arachnoideum,7.089005274,10.44779107,4.13132017
Sempervivum.montanum,6.048377156,6.450258257,11.03365385
Sempervivum.tectorum,10.88066766,12.23514439,15.52411924
Senecio.doronicum,22.19333333,11.75306217,20.77083333
Senecio.erucifolius,,13.4,84
Senecio.incanus,19.10579175,12.09199382,5.90952381
Senecio.jacobaea,,25.49571429,54.16666667
Serratula.tinctoria,,24.33,54.25
Seseli.annuum,,,50
Sesleria.caerulea,17.16480389,13.84519339,18.48448485
Sherardia.arvensis,,,16.83333333
Sideritis.hyssopifolia,23.77,,25
Silaum.silaus,28.73943329,17.43333333,56.78373016
Silene.acaulis,19.30721839,13.48077959,5.9812
Silene.dioica,,43.43,55.71
Silene.flos.cuculi,15.55,26.047397,51.75
Silene.flos.jovis,23.58669281,,40
Silene.nutans,22.8,24.43510234,28.336
Silene.otites,,13.01,42.88888889
Silene.rupestris,25.99101001,30.36,9.666666667
Silene.vulgaris,25.83724145,27.0409563,30.43137255
Sinapis.arvensis,,72.465,41.66666667
Soldanella.alpina,17.8108875,9.806984456,3.986772487
Solidago.gigantea,14.91225,20.25,119
Solidago.virgaurea,26.31827368,19.95983469,29.89
Stachys.officinalis,27.098301,19.62625,35.66666667
Stachys.pradica,,,35
Stachys.recta,34.37319704,22.98536307,28.07672634
Stellaria.graminea,31.61335092,29.75555556,31
Stipa.capillata,,7.78,59
Stipa.eriocaulis,20.4035902,,45.70666667
Succisa.pratensis,13.732981,16.91111111,40.38888889
Symphytum.officinale,,24.87,55.83333333
Taraxacum.alpinum,21.31,28.40555556,5.222222222
Taraxacum.officinale,21.94678433,24.19890307,23.85728261
Tephroseris.integrifolia,,,40
Teucrium.botrys,,39.6,15.16666667
Teucrium.chamaedrys,18.20133667,15.09292047,8.303482587
Teucrium.montanum,10.74419472,18.36,14
Thalictrum.alpinum,,15.95333333,11.5
Thalictrum.aquilegiifolium,46.57434305,,75
Thalictrum.minus,23.72,17.578106,36.875
Thalictrum.simplex,23.61333333,,55
Thesium.alpinum,23.56742998,12.89031869,10.50320513
Thesium.linophyllon,,17.67,19
Thesium.pyrenaicum,19.4219021,27.36222222,17.22435897
Tofieldia.calyculata,13.51662623,17.07,16.12745098
Tragopogon.dubius,28.77846877,25.3,51.5
Tragopogon.pratensis,23.10333333,25.35542157,49.83785714
Traunsteinera.globosa,,,35.33333333
Trifolium.alpestre,25.1,15.07824243,21.89899425
Trifolium.alpinum,29.42,19.2250127,8.710721868
Trifolium.arvense,25.61884366,19.56733333,17.6031746
Trifolium.aureum,,37.945,28.66666667
Trifolium.badium,28.67915895,21.62884739,13
Trifolium.campestre,35.974762,27.08333333,24.83333333
Trifolium.dubium,31.179928,27.77037037,20
Trifolium.medium,34.4,19.73333333,38
Trifolium.montanum,30.41333333,18.46172501,22.31199294
Trifolium.ochroleucon,38.52666667,,30
Trifolium.pratense,34.91029609,25.2222713,24.67888058
Trifolium.repens,38.6704228,30.13088722,13.38884848
Trifolium.rubens,27.19439507,16.64,44
Trifolium.scabrum,,,10.66666667
Trifolium.striatum,,21.33,14.5
Trifolium.thalii,33.44333333,14.81505874,2.763888889
Trinia.glauca,,13.68,12.77777778
Trisetum.distichophyllum,23.27074567,18.35242323,9.285843335
Trisetum.flavescens,19.50333333,25.82103453,32.57704191
Trollius.europaeus,29.56833333,22.36124796,30.3125
Turritis.glabra,24.07998207,,55
Tussilago.farfara,41.84496482,17.36296644,12.96969697
Urtica.dioica,49.83718809,36.40311077,47.08361204
Valeriana.dioica,29.29850399,30.3,28.3015873
Valeriana.montana,22.94755598,19.2668866,26.46153846
Valeriana.officinalis,22.34203167,36.272,75.33333333
Valerianella.dentata,,30.28,21.5
Valerianella.locusta,,,16.83333333
Veratrum.album,18.55666667,30.361672,108.62
Verbascum.lychnitis,,14.7,88.33333333
Verbascum.nigrum,,,78.41666667
Verbascum.thapsus,,33.9,80.27777778
Verbena.officinalis,,14.26,38.5
Veronica.aphylla,14.96768872,,4
Veronica.arvensis,25.44,25.8425,12.88888889
Veronica.bellidioides,4.137787819,8.2,22.125
Veronica.chamaedrys,22.1,30.30325926,21.97222222
Veronica.fruticans,18.76480897,14.84770254,8.917593529
Veronica.fruticulosa,23.20516189,,16.5
Veronica.officinalis,18.58841508,26.57433333,12.55172414
Veronica.persica,20.875,39.6,21.16666667
Veronica.serpyllifolia,16.74324842,22.39,12.83333333
Vicia.cracca,41.85528318,25.34780145,52.51893939
Vicia.hirsuta,43.2098,22.05714286,30.94444445
Vicia.onobrychioides,53.80616426,25.68029446,26.3375
Vicia.sativa,47.2758798,22.85,36.00480769
Vicia.sepium,50.61,35.84136521,43.22666667
Vicia.tetrasperma,,26.19,34.33333333
Vincetoxicum.hirundinaria,41.21333333,37.11266667,71.11111111
Viola.arvensis,15.68787098,,18.41666667
Viola.biflora,42.74,53.235,11.5
Viola.calcarata,21.14249289,19.0025047,4.537251984
Viola.hirta,19.1,18.23333333,10.33333333
Viola.rupestris,28.02333333,,8
Vulpia.myuros,,,25
Athamanta.cretensis,28.8650775,7.57821056,11.24038462
Bupleurum.baldense,25.94333333,,4
Imperatoria.ostruthium,29.87586935,21.00064437,61.60606061
Laserpitium.gallicum,30.69604079,13.70740266,52.4
Oenanthe.silaifolia,,,69
Seseli.galloprovinciale,,,30
Torilis.leptophylla,25.92666667,,25
Achillea.ptarmica,20.87319096,12.765,78
Artemisia.alba,21.58128897,,
Bombycilaena.erecta,26.96333333,,
Cacalia.alliariae,30.61592658,,
Cacalia.alpina,24.64027564,15.69243294,38.62
Carduus.nigrescens,17.62641072,,
Catananche.caerulea,18.93917084,,
Centaurea.alpestris,24.8,,38.95
Centaurea.paniculata,32.44,,
Centaurea.triumfetti,,,30
Centaurea.uniflora,23.90708318,18.37557342,21.10883721
Cirsium.ferox,7.688905795,,
Cirsium.morisianum,30.28348398,,
Cirsium.rivulare,,,35
Crepis.albida,24.37797149,,
Crepis.nicaeensis,,,40
Doronicum.grandiflorum,40.71136872,32.59478748,20.94230769
Echinops.ritro,21.948459,9.353333335,50
Erigeron.atticus,,,38
Filago.vulgaris,,,25
Helichrysum.stoechas,17.12666667,,
Hieracium.glanduliferum,,18.257715,
Pilosella.peleteriana,22.57780651,18.78313203,3.84090909
Pilosella.officinarum,22.90213606,24.70040189,10.61785714
Hieracium.rionii,17.54,18.26,7.65
Pilosella.corymbuloides,,,
Inula.montana,14.98053829,,
Leontodon.pyrenaicus,18.42478553,20.76637228,3.16875
Leucanthemum.adustum,26.90270106,17.8179515,39.8
Leucanthemum.atratum,,,23
Omalotheca.supina,21.03138367,22.06166667,2.375
Omalotheca.sylvatica,,23.91,33
Pulicaria.dysenterica,,,47.5
Scorzonera.hispanica,,14,69
Senecio.aquaticus,,,46
Senecio.vulgaris,,,25.5
Serratula.lycopifolia,,,70
Serratula.nudicaulis,24.08024311,,30
Sonchus.asper,30.006667,22.41777778,50.33333333
Taraxacum.erythrospermum,,,8
Taraxacum.palustre,25.73333333,,17
Tolpis.staticifolia,23.68,27.2,15.44333333
Tragopogon.crocifolius,,,35
Cerinthe.minor,,,30.3
Cynoglossum.officinale,36.69614156,24.195,44.33333333
Lithospermum.arvense,,27.16,36.66666667
Myosotis.decumbens,,,23
Myosotis.discolor,,44.3,21
Pulmonaria.angustifolia,28.2375,,22.625
Alyssum.alpestre,26.29112085,,
Alyssum.montanum,,12.4,9
Arabis.alpina,30.28865099,23.65194621,9.164814815
Arabis.auriculata,24.18333333,,
Cardamine.bellidifolia,,25.6,1
Cardamine.resedifolia,44.81333333,33.82391853,6.057692308
Iberis.pinnata,28.95666667,,
Kandis.perfoliata,24.67789809,,
Noccaea.brachypetala,26.79,,
Pritzelago.alpina,35.82515399,12.23671555,2.853333333
Sisymbrium.austriacum,42.19935815,,35
Campanula.alpestris,29.02666667,,
Phyteuma.globulariifolium,26.57,,
Phyteuma.michelii,29.55,,
Arenaria.gothica,,,
Cerastium.cerastoides,,24.39,6.375
Dianthus.hyssopifolius,22.00333333,,
Dianthus.pavonius,15.26174744,9.347669346,6.94
Minuartia.hybrida,,20.84,7.333333333
Minuartia.rupestris,,,10
Minuartia.sedoides,28.5246555,10.475,2.853017242
Sagina.glabra,,15,1
Sagina.saginoides,14.13934827,,2.833333333
Silene.italica,25.94673793,,50
Silene.latifolia,28.08093389,22.768631,55.33
Silene.suecica,15.10666667,,12
Chenopodium.bonus.henricus,,,37
Helianthemum.apenninum,29.35482502,,13.66666667
Helianthemum.oelandicum,26.42333333,14.11019937,6.711538462
Convolvulus.cantabricus,31.21333333,,
Sedum.alpestre,,11.26666667,4.5
Sedum.anacampseros,24.07318334,20.18700811,12.55833333
Sedum.ochroleucum,8.175205835,6.0485712,13.38
Sedum.sediforme,5.463017027,,35
Sempervivum.calcareum,5.377963483,,30
Euphorbia.esula,,40.14,42.5
Anthyllis.montana,33.15203985,12.27814627,7.84
Argyrolobium.zanonii,28.70459239,,
Astragalus.danicus,34.4,17.24541667,12.88
Astragalus.sempervirens,37.39,17.69,6.7
Astragalus.vesicarius,31.43825849,,
Bituminaria.bituminosa,34.96109724,,
Dorycnium.pentaphyllum,29.14166667,,
Genista.cinerea,24.81847207,,
Lathyrus.hirsutus,,,65
Lotus.alpinus,43.47666667,18.94889455,4.235714286
Lotus.delortii,25.19,,
Lotus.pedunculatus,,29.54,26.5
Medicago.arabica,,35.455,31.66666667
Melilotus.neapolitanus,26.98,,
Ononis.cristata,33.86,20.51,4.35
Oxytropis.lapponica,42.03913053,14.1,2.5
Trifolium.incarnatum,,29.11,28.33333333
Trifolium.pallescens,35.95666667,,5
Vicia.pannonica,38.62154961,,40
Vicia.tenuifolia,,26.63,70
Gentiana.angustifolia,11.52644555,,
Gentiana.brachyphylla,12.50576473,12.38183249,1.146666667
Gentiana.orbicularis,20.11666667,,
Gentiana.rostanii,7.203262647,,
Gentianella.campestris,21.35745026,24.41092333,13.70333334
Gentianella.ciliata,33.9,,21
Gentianella.tenella,,,2
Hypericum.tetrapterum,,,36
Herniaria.incana,28.07915745,,13
Calamintha.nepeta,15.7068181,,12.5
Mentha.aquatica,17.277363,37.296875,38.66666667
Mentha.longifolia,,29.515,73
Nepeta.nepetella,20.3935949,,
Prunella.hyssopifolia,,,17
Teucrium.polium,15.7985731,,20
Linum.bienne,,,37.5
Linum.suffruticosum,25.58903535,,
Lythrum.salicaria,16.1923876,23.37083334,71
Althaea.hirsuta,,,20
Epilobium.parviflorum,,,43.33333333
Plantago.sempervirens,21.1376671,,
Armeria.alpina,30.95027228,16.32343886,5.0625
Polygala.calcarea,18.24666667,,8.666666667
Rumex.arifolius,36.53444358,33.96177388,69
Rumex.conglomeratus,,,66.25
Rumex.nebroides,,,50
Rumex.pseudalpinus,51.09517415,,80
Androsace.adfinis,9.288645585,10,1
Androsace.vitaliana,17.4029394,7.771375547,1.182692308
Primula.vulgaris,,,9.5
Aconitum.anthora,28.01,,
Anemone.baldensis,31.62304262,24.95887697,3.2
Anemone.narcissifolia,,15.255,16.505
Caltha.palustris,34.48333333,28.18142857,26.5
Ranunculus.aduncus,,,40
Ranunculus.carinthiacus,26.56666667,,11.5
Ranunculus.sartorianus,,,
Reseda.phyteuma,22.52796014,,23.1
Alchemilla.fissa,,,13
Alchemilla.flabellata,,,
Alchemilla.glabra,26.00091577,27.86819292,21.55871212
Alchemilla.glaucescens,,18.3375,11.5
Alchemilla.monticola,,17.34,26
Alchemilla.pentaphyllea,22.34135747,23.31560511,1.178571429
Filipendula.ulmaria,23.24161172,18.32944959,99.48
Potentilla.brauneana,22.36615896,,1.5
Potentilla.neglecta,,,20
Sibbaldia.procumbens,26.22333333,17.69458333,2.361904762
Galium.megalospermum,27.75,,6
Galium.obliquum,,,
Galium.palustre,,31.5375,43.6
Galium.pseudohelveticum,21.73193336,10.64703507,2.2
Galium.uliginosum,,43.085,26.66666667
Salix.foetida,21.97,,45
Thesium.divaricatum,,,10
Saxifraga.bryoides,14.40257311,18.2,4.333333333
Saxifraga.exarata,16.85773527,,5.923076923
Digitalis.grandiflora,,26.315,53
Euphrasia.officinalis,35.82666667,30.55,24
Linaria.simplex,26.05333333,,
Pedicularis.cenisia,29.46808577,,
Pedicularis.comosa,22.51157045,,
Pedicularis.kerneri,32.04532385,,
Pedicularis.rosea,23.66924282,,
Pedicularis.rostratospicata,20.53,14.33,12.65
Verbascum.chaixii,,,70
Veronica.allionii,13.28731386,10.09725841,2.904761905
Veronica.alpina,25.27929508,25.29838095,7.304761905
Veronica.austriaca,,23.02083333,27.75
Veronica.verna,,,8
Valeriana.tuberosa,24.89668131,,25
Viola.saxatilis,,,25
Carex.acutiformis,11.414286,16.75,75
Carex.bicolor,22.08666667,20.17537395,6.328
Carex.cuprina,21.85333333,,
Carex.disticha,,,43
Carex.foetida,33.68,19.22317664,12
Carex.frigida,29.54,27.9,19
Carex.melanostachya,,,40
Carex.ovalis,10.59337219,25.37,23.5
Carex.paniculata,,14.13,53
Carex.parviflora,24.28,13.04632158,14.15740741
Carex.viridula,20.500137,17.487862,24.27939
Eleocharis.quinqueflora,,8.79,10
Eriophorum.polystachion,16.44540793,9.866307,16.56
Kobresia.myosuroides,19.69988098,12.41846992,11.61324451
Schoenus.nigricans,,4.97,32.75
Scirpoides.holoschoenus,,,100
Muscari.neglectum,28.26,,12
Crocus.vernus,46.37,,
Juncus.conglomeratus,,4.92,71.5
Luzula.alpinopilosa,29.59866762,14.71,20
Luzula.nutans,26.72330081,17.49642764,20.43040541
Gagea.fragifera,31.6,,
Tulipa.australis,23.99333333,,21
Dactylorhiza.latifolia,30.56390206,,
Ophrys.fuciflora,22.43039608,,
Orchis.purpurea,19.59110697,29.16,28.5
Orchis.simia,17.85132766,24.96,25
Alopecurus.alpinus,34.86333333,18.11458756,5
Alopecurus.rendlei,,,30
Avenula.pubescens,16.03333333,19.93275231,36.9425
Avenula.versicolor,18.89644116,16.49613079,8.155600268
Brachypodium.rupestre,22.94333333,29.71624209,50.68
Bromus.commutatus,14.64758039,28.22,50
Bromus.racemosus,,28.81,73
Elytrigia.repens,25.11538183,19.75321671,49.67706667
Festuca.cinerea,,,
Festuca.marginata,17.1,15.9,16.1
Festuca.pratensis,17.25,25.88583334,40.8390625
Festuca.trichophylla,,,33
Gaudinia.fragilis,,,28
Helictotrichon.parlatorei,,,48
Helictotrichon.sedenense,17.37600858,12.19049708,9.785714286
Helictotrichon.sempervirens,15.038125,,
Hordeum.murinum,,30.995,30.5
Hordeum.secalinum,,,33
Koeleria.cenisia,18.43,,5.6
Molinia.caerulea,21.17972054,20.55609011,41.54
Phleum.pratense,19.984,23.79326592,34.70277778
Poa.trivialis,20.25,28.27357143,20.41425
Vulpia.bromoides,,,11.5
Vulpia.ciliata,,37.7,20
Equisetum.variegatum,22.4,6.33,20
Pachypleurum.mutellinoides,26.4951237,14.22501662,3.805769231
Libanotis.pyrenaica,34.26333333,,
Alchemilla.alpigena,,,
Anacamptis.morio,19.4110616,,
Mutellina.adonidifolia,32.00666667,,
Avenula.pratensis,15.95,10.3175,22.14166667
Gymnadenia.nigra,26.24224954,,
Murbeckiella.pinnatifida,37.36,,
Silene.conica,23.36276293,,20
